"","CR","iCTR","RTR","iRTR","FR","iiFR","RR","iRR","ER","iER","Acquistion Rate"
"25%",11.6611236639671,0.299262181462013,0.860862262038074,0.0143715744731887,4.48730728335991,0.0679749050022844,5.40291355855164,0.102351614201733,27.5740584992057,0.388000200581687,14.2857142857143
"50%",17.6245210727969,0.499711378479021,2.08830548926014,0.0214468111369124,6.66666666666667,0.126971992362758,7.04787234042553,0.177896853255393,38.1578947368421,0.689778134367443,17.9941002949853
"75%",23.5034556087188,0.840784224107559,4.34343434343434,0.0360928477466438,11.6405993002183,0.21368925529196,8.56470648298631,0.26684527988309,55.789230357447,1.18247680177276,29.1989664082687
